run,fraction,seed,train_images,last_AP,last_AP50,best_AP,best_AP50,last_fish,last_jellyfish,last_penguin,last_puffin,last_shark,last_starfish,last_stingray,best_epoch,train_wall_s
yolov8n_frac010_s0,0.1,0,45,0.1863,0.35189,0.18182,0.33345,0.21165,0.28321,0.11219,0.03607,0.24099,0.23006,0.18994,83,104.9
yolov8n_frac010_s1,0.1,1,45,0.2224,0.4026,0.21961,0.41538,0.23332,0.25514,0.28184,0.03018,0.17487,0.27694,0.30449,79,102.8
yolov8n_frac010_s2,0.1,2,45,0.16869,0.337,0.17131,0.34604,0.20587,0.28403,0.16373,0.03736,0.0959,0.19386,0.2001,93,102.1
yolov8n_frac025_s0,0.25,0,112,0.34046,0.58943,0.34281,0.58895,0.36612,0.52373,0.24868,0.15234,0.34366,0.33967,0.40903,98,141.2
yolov8n_frac025_s1,0.25,1,112,0.29877,0.52197,0.29843,0.52109,0.30712,0.24292,0.26398,0.08445,0.25753,0.48313,0.45228,81,141.9
yolov8n_frac025_s2,0.25,2,112,0.30804,0.53711,0.31891,0.54515,0.32934,0.29893,0.24799,0.08984,0.38245,0.42836,0.37941,91,138.9
yolov8n_frac050_s0,0.5,0,224,0.37596,0.64788,0.37475,0.65091,0.40148,0.52812,0.25802,0.21181,0.36187,0.40383,0.46656,88,201.0
yolov8n_frac050_s1,0.5,1,224,0.37565,0.64126,0.38689,0.6487,0.37058,0.35065,0.26904,0.25113,0.39615,0.53873,0.45326,80,200.4
yolov8n_frac050_s2,0.5,2,224,0.38811,0.65465,0.39374,0.66187,0.38068,0.48031,0.28603,0.1741,0.4012,0.4746,0.51989,84,204.6
yolov8n_e100_s0,1.0,0,448,0.44411,0.74837,0.45372,0.75835,0.43453,0.51873,0.30548,0.25046,0.44742,0.55346,0.59871,86,314.3
yolov8n_frac100_s1,1.0,1,448,0.45536,0.7519,0.45739,0.74931,0.44234,0.56047,0.32032,0.27779,0.44925,0.53631,0.60103,77,341.7
yolov8n_frac100_s2,1.0,2,448,0.44273,0.74696,0.43777,0.75438,0.4364,0.50141,0.31816,0.28202,0.42616,0.54085,0.59412,77,343.5
