model,class,correct,wrong_class,poor_box,duplicate,background,missed
YOLOv8n best.pt,all,654,22,43,8,87,255
YOLOv8n best.pt,fish,322,8,15,4,43,137
YOLOv8n best.pt,jellyfish,140,0,11,2,7,15
YOLOv8n best.pt,penguin,70,2,10,1,15,34
YOLOv8n best.pt,puffin,39,1,5,1,14,35
YOLOv8n best.pt,shark,36,5,0,0,4,21
YOLOv8n best.pt,starfish,21,1,1,0,0,6
YOLOv8n best.pt,stingray,26,5,1,0,4,7
YOLOE bare,all,390,291,81,25,336,519
YOLOE bare,fish,230,110,39,11,161,229
YOLOE bare,jellyfish,71,58,12,6,86,84
YOLOE bare,penguin,43,22,21,5,34,61
YOLOE bare,puffin,17,50,2,0,23,57
YOLOE bare,shark,3,3,0,0,0,54
YOLOE bare,starfish,7,3,0,0,8,20
YOLOE bare,stingray,19,45,7,3,24,14
YOLOE synonym,all,350,282,73,19,315,559
YOLOE synonym,fish,236,131,39,11,166,223
YOLOE synonym,jellyfish,20,9,4,0,45,135
YOLOE synonym,penguin,43,22,21,5,33,61
YOLOE synonym,puffin,17,53,2,0,23,57
YOLOE synonym,shark,3,3,0,0,0,54
YOLOE synonym,starfish,12,16,0,0,23,15
YOLOE synonym,stingray,19,48,7,3,25,14
YOLOE description,all,121,734,55,14,558,788
YOLOE description,fish,17,25,3,2,46,442
YOLOE description,jellyfish,30,98,20,2,116,125
YOLOE description,penguin,29,190,20,2,99,75
YOLOE description,puffin,0,5,0,0,5,74
YOLOE description,shark,20,145,5,5,69,37
YOLOE description,starfish,17,191,3,2,140,10
YOLOE description,stingray,8,80,4,1,83,25
