epoch,time,train/box_loss,train/cls_loss,train/dfl_loss,metrics/precision(B),metrics/recall(B),metrics/mAP50(B),metrics/mAP50-95(B),val/box_loss,val/cls_loss,val/dfl_loss,lr/pg0,lr/pg1,lr/pg2
1,1.95713,1.35525,4.137,1.29224,0.0032,0.19782,0.00752,0.00368,1.46034,4.30158,1.31483,0,0,0.1
2,2.88822,1.20181,4.07811,1.22477,0.0032,0.19782,0.00752,0.00368,1.46034,4.30158,1.31483,0.000330033,0.000330033,0.0669967
3,3.83984,1.2913,4.04007,1.30201,0.0032,0.19782,0.00752,0.00368,1.46034,4.30158,1.31483,0.000653467,0.000653467,0.0339868
4,4.79841,1.41733,4.11879,1.33114,0.00315,0.205,0.00736,0.00342,1.46117,4.29606,1.31419,0.0009703,0.0009703,0.0009703
5,5.82843,1.36231,4.13302,1.21389,0.00315,0.205,0.00736,0.00342,1.46117,4.29606,1.31419,0.0009604,0.0009604,0.0009604
6,6.7757,1.4029,4.09277,1.291,0.00315,0.205,0.00736,0.00342,1.46117,4.29606,1.31419,0.0009505,0.0009505,0.0009505
7,7.69606,1.51919,4.18502,1.37253,0.00292,0.20074,0.00541,0.0028,1.46195,4.29105,1.31191,0.0009406,0.0009406,0.0009406
8,8.62178,1.39518,4.06069,1.45719,0.00292,0.20074,0.00541,0.0028,1.46195,4.29105,1.31191,0.0009307,0.0009307,0.0009307
9,9.65035,1.34507,4.07486,1.3178,0.00292,0.20074,0.00541,0.0028,1.46195,4.29105,1.31191,0.0009208,0.0009208,0.0009208
10,10.5804,1.44163,4.13166,1.32414,0.00292,0.20931,0.00571,0.00292,1.46067,4.28785,1.30987,0.0009109,0.0009109,0.0009109
11,11.518,1.34658,4.09521,1.32452,0.00292,0.20931,0.00571,0.00292,1.46067,4.28785,1.30987,0.000901,0.000901,0.000901
12,12.4382,1.49467,4.14004,1.31664,0.00292,0.20931,0.00571,0.00292,1.46067,4.28785,1.30987,0.0008911,0.0008911,0.0008911
13,13.3791,1.55521,4.11961,1.39797,0.00948,0.38946,0.02412,0.01086,1.94641,4.1429,1.37565,0.0008812,0.0008812,0.0008812
14,14.3515,1.74875,3.70225,1.3092,0.00948,0.38946,0.02412,0.01086,1.94641,4.1429,1.37565,0.0008713,0.0008713,0.0008713
15,15.2473,1.62594,3.59802,1.31138,0.00948,0.38946,0.02412,0.01086,1.94641,4.1429,1.37565,0.0008614,0.0008614,0.0008614
16,16.2093,1.67125,3.60456,1.34536,0.00629,0.35897,0.02318,0.00715,2.02603,4.13862,1.41076,0.0008515,0.0008515,0.0008515
17,17.1472,1.31996,2.88263,1.2853,0.00629,0.35897,0.02318,0.00715,2.02603,4.13862,1.41076,0.0008416,0.0008416,0.0008416
18,18.1252,1.42799,3.03224,1.23952,0.00629,0.35897,0.02318,0.00715,2.02603,4.13862,1.41076,0.0008317,0.0008317,0.0008317
19,19.0775,1.64687,2.91539,1.22892,0.00542,0.32886,0.01549,0.00549,1.98899,4.05224,1.42354,0.0008218,0.0008218,0.0008218
20,20.0623,1.47241,2.57927,1.23618,0.00542,0.32886,0.01549,0.00549,1.98899,4.05224,1.42354,0.0008119,0.0008119,0.0008119
21,20.9664,1.77785,2.74895,1.35518,0.00542,0.32886,0.01549,0.00549,1.98899,4.05224,1.42354,0.000802,0.000802,0.000802
22,21.9081,1.3938,2.54751,1.30045,0.00633,0.34704,0.02269,0.0098,1.934,4.02478,1.42721,0.0007921,0.0007921,0.0007921
23,22.8192,1.5764,2.24227,1.23938,0.00633,0.34704,0.02269,0.0098,1.934,4.02478,1.42721,0.0007822,0.0007822,0.0007822
24,23.7525,1.44128,2.38923,1.21475,0.00633,0.34704,0.02269,0.0098,1.934,4.02478,1.42721,0.0007723,0.0007723,0.0007723
25,24.669,1.57224,2.37715,1.13852,0.00642,0.33061,0.02294,0.00972,1.93764,4.05267,1.45344,0.0007624,0.0007624,0.0007624
26,25.6004,1.29773,2.17977,1.20639,0.00642,0.33061,0.02294,0.00972,1.93764,4.05267,1.45344,0.0007525,0.0007525,0.0007525
27,26.5235,1.37301,2.10203,1.28348,0.00642,0.33061,0.02294,0.00972,1.93764,4.05267,1.45344,0.0007426,0.0007426,0.0007426
28,27.4974,1.28011,2.04721,1.17876,0.00701,0.34086,0.02618,0.01118,1.92753,4.05104,1.46428,0.0007327,0.0007327,0.0007327
29,28.4253,1.20077,1.94642,1.13737,0.00701,0.34086,0.02618,0.01118,1.92753,4.05104,1.46428,0.0007228,0.0007228,0.0007228
30,29.3896,1.39309,1.74624,1.08684,0.00701,0.34086,0.02618,0.01118,1.92753,4.05104,1.46428,0.0007129,0.0007129,0.0007129
31,30.5827,1.23267,1.87784,1.05067,0.00806,0.33822,0.03769,0.01872,1.9502,4.02768,1.49128,0.000703,0.000703,0.000703
32,31.5003,1.36142,1.82009,1.14258,0.00806,0.33822,0.03769,0.01872,1.9502,4.02768,1.49128,0.0006931,0.0006931,0.0006931
33,32.4146,1.15589,1.73784,1.10445,0.00806,0.33822,0.03769,0.01872,1.9502,4.02768,1.49128,0.0006832,0.0006832,0.0006832
34,33.3353,1.18065,1.85805,1.10806,0.00947,0.35127,0.05834,0.03181,1.97241,3.98907,1.52017,0.0006733,0.0006733,0.0006733
35,34.2662,0.95257,1.42856,1.08673,0.00947,0.35127,0.05834,0.03181,1.97241,3.98907,1.52017,0.0006634,0.0006634,0.0006634
36,35.2106,1.26969,1.73026,1.10432,0.00947,0.35127,0.05834,0.03181,1.97241,3.98907,1.52017,0.0006535,0.0006535,0.0006535
37,36.134,1.41561,1.72161,1.08464,0.01022,0.3589,0.06989,0.03685,1.97757,3.97168,1.51729,0.0006436,0.0006436,0.0006436
38,37.0787,1.09056,1.52908,1.09895,0.01022,0.3589,0.06989,0.03685,1.97757,3.97168,1.51729,0.0006337,0.0006337,0.0006337
39,37.9772,1.16662,1.51491,1.05868,0.01022,0.3589,0.06989,0.03685,1.97757,3.97168,1.51729,0.0006238,0.0006238,0.0006238
40,38.9158,1.23906,1.57776,1.1196,0.01063,0.38405,0.06345,0.03296,1.95396,3.96687,1.50887,0.0006139,0.0006139,0.0006139
41,39.8489,1.13223,1.40181,1.07498,0.01063,0.38405,0.06345,0.03296,1.95396,3.96687,1.50887,0.000604,0.000604,0.000604
42,40.8505,1.05697,1.43894,1.03215,0.01063,0.38405,0.06345,0.03296,1.95396,3.96687,1.50887,0.0005941,0.0005941,0.0005941
43,41.8644,1.13052,1.52417,1.1549,0.0109,0.43081,0.0721,0.03463,1.93333,3.92651,1.48737,0.0005842,0.0005842,0.0005842
44,42.8471,1.15469,1.53574,1.0722,0.0109,0.43081,0.0721,0.03463,1.93333,3.92651,1.48737,0.0005743,0.0005743,0.0005743
45,43.8096,1.04423,1.28204,0.98351,0.0109,0.43081,0.0721,0.03463,1.93333,3.92651,1.48737,0.0005644,0.0005644,0.0005644
46,44.7541,1.08112,1.42762,1.04419,0.01108,0.4516,0.09156,0.04306,1.90579,3.8823,1.45975,0.0005545,0.0005545,0.0005545
47,45.7285,1.0562,1.28177,0.91667,0.01108,0.4516,0.09156,0.04306,1.90579,3.8823,1.45975,0.0005446,0.0005446,0.0005446
48,46.6495,1.0744,1.36845,1.07437,0.01108,0.4516,0.09156,0.04306,1.90579,3.8823,1.45975,0.0005347,0.0005347,0.0005347
49,47.6167,1.2724,1.38205,1.05122,0.01113,0.45827,0.09383,0.04478,1.90006,3.85996,1.46496,0.0005248,0.0005248,0.0005248
50,48.5666,0.95501,1.23292,0.98453,0.01113,0.45827,0.09383,0.04478,1.90006,3.85996,1.46496,0.0005149,0.0005149,0.0005149
51,49.4928,1.04181,1.48454,1.07012,0.01113,0.45827,0.09383,0.04478,1.90006,3.85996,1.46496,0.000505,0.000505,0.000505
52,50.4329,1.00145,1.23105,0.96174,0.0105,0.4441,0.09165,0.04729,1.91383,3.85563,1.4803,0.0004951,0.0004951,0.0004951
53,51.4605,0.99558,1.13229,0.99223,0.0105,0.4441,0.09165,0.04729,1.91383,3.85563,1.4803,0.0004852,0.0004852,0.0004852
54,52.377,0.89447,1.13438,0.96411,0.0105,0.4441,0.09165,0.04729,1.91383,3.85563,1.4803,0.0004753,0.0004753,0.0004753
55,53.3033,0.9054,1.3698,0.97614,0.01034,0.44445,0.09017,0.04746,1.89766,3.84513,1.4911,0.0004654,0.0004654,0.0004654
56,54.2401,0.96667,1.3495,1.02569,0.01034,0.44445,0.09017,0.04746,1.89766,3.84513,1.4911,0.0004555,0.0004555,0.0004555
57,55.1985,1.06708,1.29675,1.14242,0.01034,0.44445,0.09017,0.04746,1.89766,3.84513,1.4911,0.0004456,0.0004456,0.0004456
58,56.1602,1.06241,1.40142,1.0775,0.01001,0.43935,0.08696,0.04756,1.87867,3.84259,1.48465,0.0004357,0.0004357,0.0004357
59,57.1053,1.05329,1.25024,1.00083,0.01001,0.43935,0.08696,0.04756,1.87867,3.84259,1.48465,0.0004258,0.0004258,0.0004258
60,58.0121,0.91349,1.21847,1.02193,0.01001,0.43935,0.08696,0.04756,1.87867,3.84259,1.48465,0.0004159,0.0004159,0.0004159
61,58.9524,0.87338,1.15307,0.9821,0.01022,0.44352,0.08845,0.04717,1.86296,3.81899,1.47928,0.000406,0.000406,0.000406
62,59.8973,0.88578,1.24968,1.01731,0.01022,0.44352,0.08845,0.04717,1.86296,3.81899,1.47928,0.0003961,0.0003961,0.0003961
63,60.835,0.86362,1.23892,1.00561,0.01022,0.44352,0.08845,0.04717,1.86296,3.81899,1.47928,0.0003862,0.0003862,0.0003862
64,61.8345,0.97133,1.15167,1.01278,0.02199,0.41923,0.09747,0.0511,1.85014,3.78377,1.47708,0.0003763,0.0003763,0.0003763
65,62.7574,0.92065,1.13189,1.05052,0.02199,0.41923,0.09747,0.0511,1.85014,3.78377,1.47708,0.0003664,0.0003664,0.0003664
66,63.7229,0.86055,1.11631,0.94881,0.02199,0.41923,0.09747,0.0511,1.85014,3.78377,1.47708,0.0003565,0.0003565,0.0003565
67,64.6656,0.84963,1.12138,0.99178,0.26264,0.1867,0.10775,0.05635,1.84367,3.73896,1.46506,0.0003466,0.0003466,0.0003466
68,65.5766,0.88977,1.04092,0.98649,0.26264,0.1867,0.10775,0.05635,1.84367,3.73896,1.46506,0.0003367,0.0003367,0.0003367
69,66.5406,1.05555,1.12475,0.92094,0.26264,0.1867,0.10775,0.05635,1.84367,3.73896,1.46506,0.0003268,0.0003268,0.0003268
70,67.5072,0.80266,1.12946,0.95898,0.41722,0.03687,0.11449,0.05946,1.84773,3.68108,1.46134,0.0003169,0.0003169,0.0003169
71,68.4416,0.92848,1.07581,0.92493,0.41722,0.03687,0.11449,0.05946,1.84773,3.68108,1.46134,0.000307,0.000307,0.000307
72,69.4206,0.95119,1.04304,0.93436,0.41722,0.03687,0.11449,0.05946,1.84773,3.68108,1.46134,0.0002971,0.0002971,0.0002971
73,70.3842,0.90042,1.12104,0.96874,0.41202,0.02584,0.12171,0.06495,1.85332,3.63122,1.46481,0.0002872,0.0002872,0.0002872
74,71.2913,0.89992,1.10724,1.01651,0.41202,0.02584,0.12171,0.06495,1.85332,3.63122,1.46481,0.0002773,0.0002773,0.0002773
75,72.2543,0.74795,0.98583,0.99387,0.41202,0.02584,0.12171,0.06495,1.85332,3.63122,1.46481,0.0002674,0.0002674,0.0002674
76,73.1905,0.83707,1.01888,0.97335,0.42041,0.03735,0.1224,0.06585,1.85841,3.60673,1.4697,0.0002575,0.0002575,0.0002575
77,74.1131,1.06497,1.06731,0.97195,0.42041,0.03735,0.1224,0.06585,1.85841,3.60673,1.4697,0.0002476,0.0002476,0.0002476
78,75.0558,0.79053,0.96992,0.87738,0.42041,0.03735,0.1224,0.06585,1.85841,3.60673,1.4697,0.0002377,0.0002377,0.0002377
79,76.0025,0.98673,1.25586,0.95786,0.46533,0.04988,0.12692,0.06876,1.85496,3.58085,1.47374,0.0002278,0.0002278,0.0002278
80,76.9907,0.95265,1.02328,1.0266,0.46533,0.04988,0.12692,0.06876,1.85496,3.58085,1.47374,0.0002179,0.0002179,0.0002179
81,77.8598,0.9123,1.01524,0.96902,0.46533,0.04988,0.12692,0.06876,1.85496,3.58085,1.47374,0.000208,0.000208,0.000208
82,78.8271,0.86132,0.97934,0.96394,0.48224,0.06096,0.13057,0.0714,1.84149,3.56333,1.47008,0.0001981,0.0001981,0.0001981
83,79.7813,0.93646,1.16757,1.03596,0.48224,0.06096,0.13057,0.0714,1.84149,3.56333,1.47008,0.0001882,0.0001882,0.0001882
84,80.7775,0.74863,0.93259,0.89849,0.48224,0.06096,0.13057,0.0714,1.84149,3.56333,1.47008,0.0001783,0.0001783,0.0001783
85,81.8107,0.97463,1.04767,0.94794,0.4638,0.06342,0.13428,0.0725,1.83373,3.54268,1.46712,0.0001684,0.0001684,0.0001684
86,82.7858,0.79284,0.93544,0.88864,0.4638,0.06342,0.13428,0.0725,1.83373,3.54268,1.46712,0.0001585,0.0001585,0.0001585
87,83.7073,0.76857,1.04889,0.95365,0.4638,0.06342,0.13428,0.0725,1.83373,3.54268,1.46712,0.0001486,0.0001486,0.0001486
88,84.641,0.91288,1.10708,0.96495,0.39965,0.07228,0.13651,0.07386,1.8211,3.51134,1.4613,0.0001387,0.0001387,0.0001387
89,85.5892,0.79024,1.03975,0.97676,0.39965,0.07228,0.13651,0.07386,1.8211,3.51134,1.4613,0.0001288,0.0001288,0.0001288
90,86.5282,0.80296,0.95427,0.95421,0.39965,0.07228,0.13651,0.07386,1.8211,3.51134,1.4613,0.0001189,0.0001189,0.0001189
91,87.4877,0.77858,1.09594,0.94141,0.35047,0.07988,0.14048,0.07611,1.81714,3.47421,1.45777,0.000109,0.000109,0.000109
92,88.4338,0.95388,1.22594,0.9414,0.35047,0.07988,0.14048,0.07611,1.81714,3.47421,1.45777,9.91e-05,9.91e-05,9.91e-05
93,89.3597,0.71644,0.94406,0.85309,0.35047,0.07988,0.14048,0.07611,1.81714,3.47421,1.45777,8.92e-05,8.92e-05,8.92e-05
94,90.2519,0.72317,0.99977,0.84781,0.33266,0.08631,0.14404,0.07567,1.82149,3.43717,1.45843,7.93e-05,7.93e-05,7.93e-05
95,91.232,0.7137,0.98915,0.91299,0.33266,0.08631,0.14404,0.07567,1.82149,3.43717,1.45843,6.94e-05,6.94e-05,6.94e-05
96,92.1558,0.77225,1.04922,0.97296,0.33266,0.08631,0.14404,0.07567,1.82149,3.43717,1.45843,5.95e-05,5.95e-05,5.95e-05
97,93.1115,0.73462,1.02857,0.93789,0.33099,0.09048,0.14634,0.07775,1.81701,3.3931,1.45283,4.96e-05,4.96e-05,4.96e-05
98,94.0677,0.68056,0.95556,0.89929,0.33099,0.09048,0.14634,0.07775,1.81701,3.3931,1.45283,3.97e-05,3.97e-05,3.97e-05
99,95.0523,0.69004,0.9803,0.89365,0.33099,0.09048,0.14634,0.07775,1.81701,3.3931,1.45283,2.98e-05,2.98e-05,2.98e-05
100,95.975,0.70085,0.94571,0.88113,0.33157,0.09944,0.15175,0.08117,1.82083,3.35161,1.45304,1.99e-05,1.99e-05,1.99e-05
